{"stat.walkOneCm":22646,"stat.leaveGame":2,"stat.useItem.minecraft.clay":10,"stat.pickup.minecraft.string":1,"stat.pickup.minecraft.log":2,"stat.useItem.minecraft.bedrock":78,"stat.swimOneCm":412,"stat.jump":31,"stat.pickup.minecraft.coal":1,"stat.climbOneCm":222,"stat.pickup.minecraft.stone":12,"stat.crouchOneCm":603,"achievement.mineWood":2,"stat.pickup.minecraft.dirt":75,"stat.useItem.minecraft.dirt":47,"stat.sprintOneCm":552,"achievement.exploreAllBiomes":{"value":0,"progress":["Jungle","River"]},"achievement.openInventory":8,"stat.useItem.minecraft.end_crystal":143,"stat.pickup.minecraft.cobblestone":60,"stat.flyOneCm":99826,"stat.pickup.minecraft.wheat_seeds":1,"stat.playOneMinute":9394,"stat.sneakTime":359,"stat.timeSinceDeath":9394,"stat.diveOneCm":1515}